accession;top1;top2;top3;top4;top5;top6;top7;top8;top9;top10;top11;top12;top13;top14;top15;top16;top17;top18;top19;top20
ERR1309319.fastq;CCACACx2;CCACACx3;CACACCCAx2;CACACCx2;TGAGCCx2;TGCTGTx5;ACCCACx2;TGCTGTx2;CAGGCTx2;TTATTGx4;GACGCTGAGTCTTTACCx3;GAGAAGAAAx2;TATACTx12;TTTCTTCTCx2;ACTCAGCGTCGGTAAAGx3;ACCTTGx3;CACACCACACCx2;CCACACx4;TATTAAAAATAAAx4;CAAGCAx4
ERR1308931.fastq;CCACACx2;TTAATATATAACAx3;ATATTATAAATx3;ATAAATAx6;ATATTTx5;ATAGATAGGx6;TTATAGx2;TATAAAx6;TTTTTAATATTTAx3;TATTTATAATAx3;TATAACx8;TAATTATx5;TATATATx2;TTATAGx8;ATATTTAx2;ATTTAx7;TTATATATTAATGx3;CCTATCTATx6;ATATAAx2;ATATTATx2
ERR1308868.fastq;TTCCGCx10;GCGGAAx10;TTCCGCx8;GCGGAAx8;ATTATAx4;AGTATATx4;TATAACx5;TATTAAAx2;AAATATTx5;TTCCGCx7;AATATTTx5;TTCCGCx6;CCGTATx7;TTATATx2;TATATTx2;TAATTTATx3;TAATTTATx2;TATATTx3;AATAAATTx2;TTTTTAATATTTAx3
ERR1308911.fastq;TATTTAAx5;TTAAATAx5;AGTATATx4;ATACGGx3;CCGTATx5;AATATTTx5;TAATTTATx2;TAATTTATx3;CCACACx2;AATAAATTx2;ATACGGx5;CCGTATx3;TATAACx4;TATAACx2;AATAAATTx3;ATTATAx4;TTATATx2;TTATAGx2;TATTTATAATAx5;TTATAGx4
ERR1309434.fastq;CCACACx2;CCACACx3;TATAACx7;ATATTTx3;CACACCx2;AAATATTAAAAATx3;TTAATATATAACAx3;ATAGATAGGx3;ATATTATAAATx3;AGTATCx7;TATAACx2;ATAAATAx6;TATACTx8;CACACCCAx2;GATACTx7;CCTATCTATx4;ATATAx2;TATATATx2;TATTTAAx5;TAAGTAx8
ERR1308934.fastq;TTATATx5;TTAATATATAACAx3;ATAGATAGGx3;ATATTTx3;ATATAAx5;TATAACx7;CCACACx2;TTATATx2;ATATAAx2;TATTTAx2;ATATTATAAATx3;TTATATATTAATGx3;CCTATCTATx4;AAATATTAAAAATx3;ATATTTAx2;ATATTATx2;TATATATx2;CCAATCx5;AGTTATx2;ATAAATAx6
ERR1309405.fastq;AATATAx5;TATTTAx5;CCGTATx6;AGTATATx4;ATAGATAGGx5;TTATATx5;TAATTTATx3;TAATTTATx2;TAAAAAx10;AATAAATTx2;ATATAAx2;AATATAx2;TATAACx4;TATTTATAATAx5;ATACGGx6;TATAACx2;CCTATCTATx5;CCACACx2;ATATTATAAATx5;AATAAATTx3
ERR1309039.fastq;TATAACx5;CCACACx2;AAATATTAAAAATx3;TATAACx2;TAATTATx6;TATTTAAx5;CCGTATx7;TTATAGx5;TTATAGx2;TATTTAAx6;TTATTTAx5;TATTTTAx4;TTTTTAATATTTAx3;ATACGGx7;TAATTx12;ATATTTx2;TAATAATx6;TATTTATAATAx5;ATATAAx2;ATATTTx4
ERR1309160.fastq;ATATTCTCCTCCGx3;GAATATCGGAGGAx3;TATAACx5;ATACGGx3;CCGTATx4;AATATAx2;CCGTATx3;TAAAAAx8;TAATTTATx3;TAATTTATx2;AAATATTAAAAATx3;TAAGTAx7;ATTATAx5;TTTTTAATATTTAx3;TAATTATx6;ATACGGx4;TAATAATx6;TTAATATx6;TTTTATx8;TATTAAAx2
ERR1308893.fastq;TATTTAAx5;TATAACx5;AGTATATx4;AGTATCx6;CCACACx2;GATACTx6;CCGTATx7;AAATATTx5;TTAAATAx5;TAATTTATx4;TAATTTATx2;TATAACx2;TTATAGx5;AAATATTAAAAATx3;ATACGGx7;TAATTATx6;ATAAAATATATx2;TTATAGx2;ATTATAx5;TTTTTAATATTTAx3
ERR1308915.fastq;CCACACx2;ATATTTx3;GATACTx9;AGTATCx9;CCGTATx6;TAATTATx6;AAATATTAAAAATx3;TATAACx4;ATTAATx5;TATAACx2;TATTAAAx2;TAATAATx6;CCACACx3;TATTTAAx6;ATACGGx6;ATATTATAAATx5;ATATAAx2;AATATAx2;TTATATx3;AATATAx3
ERR1308603.fastq;TAATATx5;CCACACx2;TTAATATATAACAx3;ATATAAx2;TATAACx8;TTATAGx2;ATAAATAx6;TATAAAx7;ATATTATAAATx3;ATAGATAGGx6;TTATATx2;CCACACx3;TATTAAAx2;TATATATx2;TATAACx2;ATTAAx9;TTATATATTAATGx3;AAATATTAAAAATx3;ATATTTAx2;ATATTATx2
ERR1309135.fastq;CCACACx2;AAATATTAAAAATx3;ATATTTx3;TATAACx7;TTAATATATAACAx3;ATAAATAx6;CCACACx3;TATACTx10;TATAACx2;AGTTATx2;TTTTAx7;CACACCx2;TTTTTAATATTTAx3;ATTTAx7;TAAGTAx10;TTATATATTAATGx3;TATTTAAx5;TATATATx2;ATATTATAAATx5;ATATTATx2
ERR1308919.fastq;TTCCGCx5;TATTTAx5;GCGGAAx5;TAATTTATx2;TTATATx2;TAATTTATx4;AACACCx2;TATAACx8;TATTTATAATAx5;AAATATTAAAAATx3;TTTTTAATATTTAx3;CCACACx2;TAATTATx6;TAATTx10;TATAAAx5;TTATATx3;TAATAATx6;ATATAAx2;ATAACATTTATATx3;TATATATx2
ERR1308872.fastq;CCACACx2;AGTATATx4;CAACAGx2;CCACACx3;CACACCx2;ACAACAGCAx2;TCGTTGx3;CAGCAAx2;GACAACx2;TGCTGTx2;CAAGCAx3;TGTTGCTGTx2;TCATCCx2;TGTGCTx3;CACACCCAx2;CATAATx6;TGTTGCx2;CAACAGx4;CCACACx4;ACCCACx2
ERR1309338.fastq;CCACACx2;CCACACx3;CACACCx2;CACACCCAx2;GTGTGGx2;CCAACTACTTCAGTTGATx2;CCACACx4;ACCCACx2;CACACCACACCx2;CACACCACACCx3;CACACCx3;TAGTTGGATCAACTGAAGx2;TCAACTGAAGTAGTTGGGx2;CTACTTCAGTTGACCCAAx2;CCCACAx2;TGTGCTx3;TGCTGTx2;TAATATx5;GAAGAAGTGACTAGAx3;TCAACTGAAGTAGTTGGGx3
ERR1309481.fastq;TTTTTATx4;TTCCGTATTTTCCGCx2;AAAAAATx4;CGGAAGCGGAAAATAx2;AGTATATx4;CCACACx2;AAATATTx5;TATAACx4;AAATATTAAAAATx3;ATATAx6;TATAACx2;TATTTAAx5;TTATATx2;AATATAx2;TTTTTAATATTTAx3;TAATTTATx4;TATTAAAx2;TAATTTATx2;TATACTAx4;ATATTTAx2
ERR1309511.fastq;CCACACx2;TTTTCCGAGCCGCAAx2;CCACACx3;CACACCx2;ATAGATAGGx3;TATAACx7;GTGTGGx2;CCACACx4;ATAAATAx6;CACACCCAx2;ATAACATTTATATx3;TAATTATx6;ATATTTx3;AGTTATx2;GTATATTATACTAATx3;TATTTAAx5;CCTATCTATx4;ACCCACx2;TAAAAx9;TATTTATAATAx3
ERR1308671.fastq;CCACACx2;TTAATATATAACAx3;AAATATTAAAAATx3;TATAACx7;ATATTTx3;ATAAATAx6;CCACACx3;TATACTx9;TATTTAAx5;TTTTAx7;TATAACx2;TTATATATTAATGx3;TTTTAx2;CACACCx2;AGTTATx2;TTTTTAATATTTAx3;ATATTATx2;TAAAAx2;TAAAAx7;ATATAAx2
ERR1308705.fastq;TAATATx5;TTAATATATAACAx3;ATATTATAAATx3;ATAAATAx6;CCACACx2;TTATAGx2;ATAGATAGGx6;TATAAAx6;TTATAGx8;TTTTTAATATTTAx3;TATTTATAATAx3;TATATATx2;TATAACx8;CCTATCTATx6;TAATTATx5;ATATAAx2;ATATTTAx2;TATACTx11;AAATATTx5;TTATATx4
ERR1309305.fastq;TTATATx5;TTAATATATAACAx3;ATATAAx5;TTATATATTAATGx3;CCAATCx5;ATATAAx2;GGATTGx5;CCACACx2;TATTTAx2;ATAAATx5;TTATATx2;TATTTAx6;ATAATATx2;ATATAATx2;TATTTAx5;ATAAATx6;CCACACx3;TTATATx3;AATATAx5;ATATAAx4
ERR1309458.fastq;CCACACx2;ATATTTx3;AAATATTAAAAATx3;GATACTx9;TAATTATx6;CCGTATx6;AGTATCx9;TATAACx4;TATAACx2;ATTAATx5;ATAACATTTATATx3;TATTTAAx6;ATTATAx4;TTTTTAATATTTAx3;TAATAATx6;TTATATATAAATGx3;TATTAAAx2;AAATATTx6;TTATAGx2;AATATAx2
ERR1308607.fastq;TTCCGCx6;GCGGAAx6;CCACACx2;TATTTAAx5;TATAACx5;AGTATATx4;GATACTx6;CCGTATx7;AGTATCx6;CCACACx3;ATACGGx7;TAATTTATx2;TAATTTATx4;AAATATTx5;TATTTAx5;GTGTGGx2;TTATAGx5;AAATATTAAAAATx3;TATAACx2;CACACCx2
ERR1309087.fastq;CCACACx2;ATATTAx6;TATAACx5;CCACACx3;AATATTTx5;CACACCx2;TAATATx6;TTATATx2;TATAACx2;TAATTTATx2;TAATTTATx3;TATTTAx6;CCGTATx5;ATACGGx3;GATACTx9;AGTATCx9;AATAAATTx2;TATAAAx7;TTATAGx5;ATAACATTTATATx3
ERR1309162.fastq;CCACACx2;ATATTTx3;AAATATTAAAAATx3;GATACTx9;TAATTATx6;TATAACx4;TATAACx2;AGTATCx9;CCGTATx6;ATTAATx5;TATTTAAx6;AAATATTx6;ATAACATTTATATx3;TATTAAAx2;TAATAATx6;TTTTTAATATTTAx3;TATTTTAx4;TTATATATAAATGx3;ATACGGx6;ATTATAx4
ERR1308715.fastq;CCACACx2;TATTTAx5;TATAAAx5;TATAACx4;TATAACx2;TATATATx2;ATATTATAAATx4;ATATAAx2;AAATATTAAAAATx3;TAATATATTTAx4;CCACACx3;AATATAx2;TATACTx10;TTTTTAx5;TATTTTAx4;TATATTx4;TTTTTAATATTTAx3;ATATATAx2;TTATATx2;ATAACATTTATATx3
ERR1309167.fastq;CCACACx2;TATTTAx6;TATTTAAx5;TATAACx4;TTATATx2;TATAACx2;AAATATTAAAAATx3;ATACGGx3;AGTATATx4;TATATTx2;TAATTTATx4;TTTTTAATATTTAx3;TTATATx3;TAATTTATx2;AATATAx2;ATACGGx5;CCGTATx5;TTATATx4;ATATTTx2;TAAAAAx13
ERR1309003.fastq;TAATATx5;CCACACx2;TTAATATATAACAx3;ATAAATAx6;TATAACx8;ATATTTAx2;ATATTATAAATx3;TATAAAx6;ATAGATAGGx6;TAATTATx5;TATAACx2;ATATAAx2;AAATATTAAAAATx3;TTATAGx8;TATACTx11;TTATAGx2;TATTTATAATAx3;TTTTTAATATTTAx3;ATTTAx7;TTATATATTAATGx3
ERR1309464.fastq;CCACACx2;TTTTCCGAGCCGCAAx2;AAAAACx6;CCACACx3;ATAGATAGGx3;TTTTTGx5;CAACAGx3;CACACCx2;TATAACx7;TTAATATATAACAx3;GTGTGGx2;TCATCCx2;GAAGAAATGACTGAAx3;TGTTGCx3;CACACCCAx2;ATATTTx5;CCACACx4;AAATATTAAAAATx3;AGTTATx2;GTATATTATACTAATx3
ERR1308770.fastq;CCACACx2;CCACACx3;TAATATx5;CACACCx2;GTGTGGx2;ACCCACx2;TATAACx7;AAATATTAAAAATx3;CCACACx4;CCACACx5;CACACCACACCx2;ATAAATAx6;TATACTx10;TTAATATATAACAx3;TATAACx2;GGTGTGx2;CACACCCAx2;ATATTTAx2;TCTTTAx9;ATAGATAGGx6
ERR1308745.fastq;ATATTCTCCTCCGx3;CCACACx2;GAATATCGGAGGAx3;TATAACx5;TAAAAAx9;AAATATTAAAAATx3;CCACACx3;TATAACx2;CACACCx2;TAATAATx6;ATACGGx3;CACACCCAx2;TAATTATx6;AATATCGGAGGAGx3;TAATTTATx2;TAATTTATx3;CCGTATx4;TTTTTAATATTTAx3;CCGTATx3;ATATCGGAGGAGAx3
ERR1308720.fastq;CCACACx2;CCACACx3;ATAGATAGGx3;TATAACx7;AAATATTAAAAATx3;ATATTTx3;TTAATATATAACAx3;GATACTx7;CACACCx2;AGTATCx7;TATACTx8;CCTATCTATx4;ATAAATAx6;TATAACx2;ATATTATAAATx3;TAAGTAx8;ATATAAx2;TATATATx2;TATTTAAx5;TTTTCCGAGCCGCAAx2
ERR1309496.fastq;ATATTTx3;TTATATx3;TATTAAAx2;TATTTATAATAx5;CCGTATx6;TAATTATx6;ATTATAx4;GATACTx9;TAATAATx6;TTTTTAATATTTAx3;AAATATTAAAAATx3;ATTAATx5;AGTATCx9;ATATAAx2;ATATTATAAATx5;ATATAx2;TATAAAx3;AATATAx2;ATATTTAx2;ATATTTx2
ERR1309082.fastq;TAATATx5;CCACACx2;TTAATATATAACAx3;TATAACx8;TTATAGx2;ATATAAx2;ATAAATAx6;ATTAAx9;TATAAAx7;ATATTTAx2;ATAGATAGGx6;TATTAAAx2;ATATTATAAATx3;CCACACx3;TTATATx2;TATAACx2;TTATAGx8;TATTTATAATAx3;ATAAAATATATx2;CCTATCTATx6
ERR1309425.fastq;CCACACx2;CCACACx3;TTATTGx4;TTTCTTCTCx2;CACACCx2;TATACTx10;AAAATATAGGx3;TTAATATATAACAx3;TCATCCx2;TATGTTTGCTx3;TCTTTTTTx5;AAACAAAAATGAx3;GAGAAGAAAx2;TATTTAAx5;TCCTTCTTTx2;ATGAACx6;TTCTTTx4;ACCTTGx3;AAGAAGGAAx3;GACGCTGAGTCTTTACCx3
ERR1308955.fastq;ATATTTx3;AAATATTAAAAATx3;CCACACx2;CCGTATx6;GATACTx9;AGTATCx9;TAATTATx6;TTATATx3;TATAACx4;ATTAATx5;TATAACx2;ATTATAx4;TATTAAAx2;TTTTTAATATTTAx3;TTATAGx2;TATTTATAATAx5;ATACGGx6;TTATATx2;TTATAGx4;TATTTAAx6
ERR1309373.fastq;TATTTAx5;TTCCGCx5;TTATATx2;ATATTAx2;ATATAAx2;ATAATTx4;TATAAAx5;TAATTTATx2;TAATTTATx4;TTTTTAATATTTAx3;TAATTATx6;AAAGATx8;TTATAGx2;TCTTTAx8;TATTTATAATAx5;GCGGAAx5;TATTAAx2;TAATTx10;ATTTATx2;ATAAAATATATx2
ERR1308614.fastq;CCACACx2;TATTAAAAATAAAx4;TATAACx8;ATATTTAx2;ATTAAx8;TAATTATx6;ATAAATAx9;ATATTTx5;ATAAAATATATx2;TTTTTAATATTTAx4;ATATTATAAATx5;ATATAAx2;TATAACx2;TTATAGx2;AATATTTx5;ATTTAx7;TTATAGx8;AAAGATx11;ATAACATTTATATx3;TATATATx2
ERR1309216.fastq;TTCCGTATTTTCCGCx4;CGGAAGCGGAAAATAx4;CGGAAGCGGAAAATAx3;TTCCGTATTTTCCGCx3;CCACACx2;AACACCx2;CGGAAGCGGAAAATAx2;AGTATATx4;TTCCGTATTTTCCGCx2;AGTATx7;CTATAx7;ATAAATAx6;TATTAAAAATAAAx4;TATAACx8;TATACTAx4;CCACACx3;TTTTTAATATTTAx4;ATATATAx2;GTATATTATACTAATx3;AGTTATx2
ERR1308950.fastq;CCACACx2;TATTTAx5;TATAACx4;TATAACx2;CCACACx3;TATAAAx5;TATATATx2;AAATATTAAAAATx3;ATATAAx2;TTTTTAx5;AATATAx2;TTATATx2;TAATAATx7;ATAACATTTATATx3;TATTTTAx4;TATACTx10;TATATTx4;TTATAGx2;ATATATAx2;TTATAGx4
ERR1309331.fastq;CCACACx2;TATTTAx5;ATAAAAx6;TTTTTAx6;TATAAAx5;TATAACx4;ATATTATAAATx4;TATAACx2;CCACACx3;AAATATTAAAAATx3;TAATATATTTAx4;TATATATx2;ATATAAx2;ATATATAx2;ATAAATx5;ATAACATTTATATx3;TATTTTAx4;TAATTATx7;AATATTTx4;ATATTTAx2
ERR1309521.fastq;TTCCGCx7;GCGGAAx7;TATAACx5;CTCCTCCGATATTx4;ATATTCTCCTCCGx3;AGTATATx4;ATACGGx3;TAATTTATx4;TAATTTATx2;CCGTATx4;AATATAx2;AAATATTAAAAATx3;ATTATAx5;TTAAATAx5;TTTTTAATATTTAx3;CCGTATx3;TATTTAAx5;TTATAGx5;TATAACx2;TAATTATx6
ERR1308936.fastq;CCACACx2;AAATATTAAAAATx3;TATAACx4;GATACTx9;TATAACx2;ATATTTx3;TAATTATx6;AGTATCx9;CCGTATx6;TAATAATx6;ATTAATx5;TATTAAAx2;AAATATTx6;TATTTAAx6;ATAACATTTATATx3;TTATATATAAATGx3;ATTATAx4;AATATAx2;CCACACx3;AAATATTx3
ERR1309199.fastq;TTAAATAx4;TATAACx5;TAATTTATx4;AGTATATx4;TAATTTATx2;TATTAAAx2;TATTTAAx2;AATAAATTx2;TTATAGx5;TTATAGx2;TAATAATx6;CCGTATx8;ATATTTAx2;TTAAATAx2;ATATAAx2;TAATTATx6;TATTTATAATAx5;ATATTATAAATx5;TTAATATx5;AATAAATTx4
ERR1308665.fastq;CCACACx2;TAATATx6;CCACACx3;TTAATATATAACAx3;ATATTTAx2;ATAAATAx6;TATAACx8;ATATTATAAATx3;AAAGATx7;TAATTATx6;GTATATTATACTAATx4;TTATAGx2;CACACCx2;TATTAAAx2;ATATTTx7;TTATATATTAATGx3;TATTTATAATAx3;TCTTTAx7;CCAACTACTTCAGTTGATx2;AAATATTAAAAATx3
ERR1308681.fastq;CCACACx2;CCACACx3;CACACCx2;CCACACx4;CACACCCAx2;GTGTGGx2;CAACAGx2;AAAAACx7;CACACCx3;ACCCACx2;GAGAAGAAGTGACTAx4;TGCTGTx2;TTCTTTx2;TGAGCCx2;TATGTTTGCTx3;TTATTGx4;TCATCCx2;ACCTTGx3;CACTTCTTCTCTAGTx4;GAAGAAATGACTGAAx3
ERR1308592.fastq;CCACACx2;TCATATx6;CCACACx3;ATATGAx6;AAGCACx4;GAAGAAGAGx3;CAAGGTx4;AAAAACx7;ACCTTGx3;TTGTGCx4;CACACCx2;TTTCTTCTCx2;TGTGCTx3;TTATTGx4;CAAGGTx3;CAAGCAx4;TGCTGATTGTACCCTx2;TGCTGTx2;TGCTGTx7;TGTTTTx7
ERR1309227.fastq;ATATTATAAATx3;TTAATATATAACAx3;ATAAATAx6;ATAGATAGGx6;ATATTTx5;TTATAGx2;TAATTATx5;TATAACx8;ATATTTAx2;ATATAAx2;TATATATx2;TATTTATAATAx3;TATTTx8;TTATAGx8;TATAAAx6;CCACACx2;CCTATCTATx6;TTTTTAATATTTAx3;ATTTAx7;TATTAAAx2
ERR1309153.fastq;CCACACx2;CCACACx3;CACACCx2;GTGTGGx2;CACACCACACCx3;CACACCCAx2;TATACTx9;CAGGCTx2;TGAGCCx2;TTATTGx4;TGCTGTx5;CACACACCACACCCAx2;TGCTGTx2;TTTCTTCTCx2;GACGCTGAGTCTTTACCx3;AGCGTCGGTAAAGACTCx3;CCACACx4;ACCTTGx3;GAGAAGAAAx2;CACACCACACCx2
ERR1309094.fastq;CCACACx2;AGTATAx5;ATACTTx5;TATACTx7;TTAATATATAACAx3;TATAACx7;ATATTTAx2;TAATTATx5;ATAGATAGGx5;ATATAAx2;ATAAATAx8;TTATAGx7;TATAACx2;ATATTATAAATx5;CCTATCTATx5;ATATAAx4;TTATAGx2;TAAGTAx7;ATATATAx2;ATTATAx4
ERR1309309.fastq;CCACACx2;TTAATATATAACAx3;TATAACx8;CCACACx3;TATAAAx7;AAATATTAAAAATx3;ATTAAx9;TATAACx2;TTATTTAx6;ATTTAx9;TAATTx10;TTATAGx2;CACACCx2;ATAGATAGGx5;TATTAAAx2;ATATAAx2;ATAAATx7;ATATTTAx2;TATATATx2;AATTAx10
ERR1308750.fastq;TATTTAx6;TATTTAAx5;TTATATx2;TATAACx4;AGTATATx4;TATAACx2;ATACGGx3;AATATAx2;AAATATTAAAAATx3;TAATTTATx4;CCGTATx5;TAATTTATx2;TTTTTAATATTTAx3;TTATATx3;ATTATAx4;CCGTATx3;ATACGGx5;TATATTx2;TATACTAx4;ATTAATx5
ERR1309262.fastq;CCACACx2;TTTTCCGAGCCGCAAx2;CCACACx3;GTGTGGx2;AAAAACx6;AAATATTAAAAATx3;CACACCx2;ATAGATAGGx3;TATAACx7;ATAAATAx6;ATATTTx3;TTAATATATAACAx3;TATACTx12;TTATATx5;CCACACx4;GTATATTATACTAATx3;TTTTTGx5;CCTATCTATx4;TAATTATx6;AGTTATx2
